branch_id,branch_name,manager_name
BRNJITQ446NVY1P,SBI Connaught Place,Rahul Sharma
BRNVXROZ3RRD54H,SBI Bandra,Amit Verma
BRN6IUCH832B5CG,SBI MG Road,Priya Patel
BRNQKSE7WVBUGTJ,SBI Park Street,Neha Singh
BRNZDKYMIYBCVIN,SBI Anna Nagar,Arjun Gupta
BRNN4K27L0UC4ER,SBI Banjara Hills,Ananya Mehta
BRN8ZQ15HQ0K01B,SBI Hazratganj,Rohit Joshi
BRNH99UE75DQ5EH,SBI Civil Lines,Sneha Nair
BRNH6M953T62YXX,SBI Sector 18,Vikram Reddy
BRN88K8L50OCCHR,SBI Navrangpura,Pooja Kapoor
BRNIWBVTCJZTEM6,SBI FC Road,Karan Yadav
BRN4OCUNQ20UNUX,SBI Alkapuri,Aisha Mishra
BRNTVVGWOGVVVAC,SBI Rajendra Nagar,Nikhil Jain
BRNOV7WHWWR4ITC,SBI Lalbagh,Kavya Agarwal
BRN13M4ZIVT074V,SBI Salt Lake,Aditya Chauhan
BRNB5D8ROD9LDQ8,SBI Connaught Place,Rahul Sharma
BRNP1H9MOLUQGH6,SBI Bandra,Amit Verma
BRNXZ89IKPKI2GS,SBI MG Road,Priya Patel
BRN69ENZZPGT9YS,SBI Park Street,Neha Singh
BRN8QGY2E4LKE71,SBI Anna Nagar,Arjun Gupta
BRNUXJZ2P2IW7S6,SBI Banjara Hills,Ananya Mehta
BRNV8HANVO1LN7M,SBI Hazratganj,Rohit Joshi
BRN2DUYII1MJ7LD,SBI Civil Lines,Sneha Nair
BRNGJKRNHRIIK3O,SBI Sector 18,Vikram Reddy
BRNV4PUY8KXERLG,SBI Navrangpura,Pooja Kapoor
BRN0UD4BY1DU35Z,SBI FC Road,Karan Yadav
BRNJ5S4JAFSMYU3,SBI Alkapuri,Aisha Mishra
BRNP6DT1YNQW3M3,SBI Rajendra Nagar,Nikhil Jain
BRN9NK0O17AEVS9,SBI Lalbagh,Kavya Agarwal
BRN4OFDKBYK7BWQ,SBI Salt Lake,Aditya Chauhan
BRNQXXPYA6YYR0V,SBI Connaught Place,Rahul Sharma
BRNK2K7GB5AEJ1M,SBI Bandra,Amit Verma
BRNWCGKTGWTA7OZ,SBI MG Road,Priya Patel
BRNBFQF6CGEJU2O,SBI Park Street,Neha Singh
BRNH1S6OKUTAFOJ,SBI Anna Nagar,Arjun Gupta
BRN1QGXFL115HR3,SBI Banjara Hills,Ananya Mehta
BRNO3D2PU3RRY6N,SBI Hazratganj,Rohit Joshi
BRNYUF7BSN3NZS1,SBI Civil Lines,Sneha Nair
BRN4Y047F0OIIYB,SBI Sector 18,Vikram Reddy
BRNO0N7R2CZT89T,SBI Navrangpura,Pooja Kapoor
BRNRKO7KTH28T2F,SBI FC Road,Karan Yadav
BRNXPFELDYTSSJ5,SBI Alkapuri,Aisha Mishra
BRNIVQNEK3ZN74L,SBI Rajendra Nagar,Nikhil Jain
BRN96CEWI1U7P26,SBI Lalbagh,Kavya Agarwal
BRNSZ1M23UBDCFQ,SBI Salt Lake,Aditya Chauhan
BRN1IGHKU1RH7KR,SBI Connaught Place,Rahul Sharma
BRN12RCNP7YTUYC,SBI Bandra,Amit Verma
BRNDV9XVYRPX5S2,SBI MG Road,Priya Patel
BRN9K213HJMWYVV,SBI Park Street,Neha Singh
BRN42ENA4K77K7T,SBI Anna Nagar,Arjun Gupta
BRNG5FKOVI0YMFA,SBI Banjara Hills,Ananya Mehta
BRNZXAO93FDB4LO,SBI Hazratganj,Rohit Joshi
BRN8VEWQ8GNROSD,SBI Civil Lines,Sneha Nair
BRNP02TYUMRD8LO,SBI Sector 18,Vikram Reddy
BRNUAL483MOXMKY,SBI Navrangpura,Pooja Kapoor
BRNEHV7HY5QG3O6,SBI FC Road,Karan Yadav
BRNA966A2NJ2TOL,SBI Alkapuri,Aisha Mishra
BRNLO6O1POA2QCJ,SBI Rajendra Nagar,Nikhil Jain
BRNFRVAWKOC68LW,SBI Lalbagh,Kavya Agarwal
BRNU1BAGSOX4W9B,SBI Salt Lake,Aditya Chauhan
BRNWTOR06DOXLA6,SBI Connaught Place,Rahul Sharma
BRNJCAMPWDUD8FG,SBI Bandra,Amit Verma
BRNQTUO9WOGPMML,SBI MG Road,Priya Patel
BRN6HIGKYICHR92,SBI Park Street,Neha Singh
BRNHFRCARTUC3YW,SBI Anna Nagar,Arjun Gupta
BRNPP7QJ3WWSW7Y,SBI Banjara Hills,Ananya Mehta
BRN9085QZ74SZZM,SBI Hazratganj,Rohit Joshi
BRNG2PAUFIPOHG6,SBI Civil Lines,Sneha Nair
BRNBFL8P8FB0KMN,SBI Sector 18,Vikram Reddy
BRNVKYLXRMMOPPU,SBI Navrangpura,Pooja Kapoor
BRNQDYIHYSM4WHT,SBI FC Road,Karan Yadav
BRNASVGAWTT070O,SBI Alkapuri,Aisha Mishra
BRNU33URXV7B1TA,SBI Rajendra Nagar,Nikhil Jain
BRNHOTYZWI1TQRG,SBI Lalbagh,Kavya Agarwal
BRN21O79MJLV4S6,SBI Salt Lake,Aditya Chauhan
BRNC2NLO1THLKF6,SBI Connaught Place,Rahul Sharma
BRN0XY63QI1HIRO,SBI Bandra,Amit Verma
BRNTIBMPO8OGM8C,SBI MG Road,Priya Patel
BRNAU75YBMFL8M1,SBI Park Street,Neha Singh
BRNMBZ8MFIXKAE7,SBI Anna Nagar,Arjun Gupta
BRNOGMKQ8RL01LK,SBI Banjara Hills,Ananya Mehta
BRN3PLB27GNL60P,SBI Hazratganj,Rohit Joshi
BRNNKWIVMBLNYLP,SBI Civil Lines,Sneha Nair
BRNJTFNA2LBD2II,SBI Sector 18,Vikram Reddy
BRNG5R98PD4T7R0,SBI Navrangpura,Pooja Kapoor
BRNURO3PKX7FZI3,SBI FC Road,Karan Yadav
BRNDIXHENN1ETBZ,SBI Alkapuri,Aisha Mishra
BRNLS06FE1WWTE5,SBI Rajendra Nagar,Nikhil Jain
BRN2YIETMIV7WJK,SBI Lalbagh,Kavya Agarwal
BRN7TI4QRLY06EO,SBI Salt Lake,Aditya Chauhan
BRN7VTOTI80MBGO,SBI Connaught Place,Rahul Sharma
BRNYF85QDI7DZUJ,SBI Bandra,Amit Verma
BRN1XK89RDAILZ4,SBI MG Road,Priya Patel
BRNIH40TOEU9PFZ,SBI Park Street,Neha Singh
BRN8WG2ZRLCR6G8,SBI Anna Nagar,Arjun Gupta
BRNN6LMTLKBPSU9,SBI Banjara Hills,Ananya Mehta
BRNJFWO3SFBODSF,SBI Hazratganj,Rohit Joshi
BRNPCO4WKOI4F3Q,SBI Civil Lines,Sneha Nair
BRNBSC1VU2TRHN0,SBI Sector 18,Vikram Reddy
BRN26JE9YCA73OL,SBI Navrangpura,Pooja Kapoor
BRNM91HVIU82DJN,SBI FC Road,Karan Yadav
BRNRG3L0DD4F5O9,SBI Alkapuri,Aisha Mishra
BRNOPGYQRT7QBDM,SBI Rajendra Nagar,Nikhil Jain
BRNJ17F3QYF193Z,SBI Lalbagh,Kavya Agarwal
BRNK3JLRIZV1SFU,SBI Salt Lake,Aditya Chauhan
BRNBWOF0KMKZ53E,SBI Connaught Place,Rahul Sharma
BRNY11D22GDADQC,SBI Bandra,Amit Verma
BRNSLMJIEYF0OII,SBI MG Road,Priya Patel
BRNITWM9ZGHNYEX,SBI Park Street,Neha Singh
BRNO63LBP250099,SBI Anna Nagar,Arjun Gupta
BRN3LXGSHXLY3KG,SBI Banjara Hills,Ananya Mehta
BRNJEPAD3VV7DO0,SBI Hazratganj,Rohit Joshi
BRNK371HAGCNKZ8,SBI Civil Lines,Sneha Nair
BRNUYXBOJWU2943,SBI Sector 18,Vikram Reddy
BRNMAZQ4N5G5FRZ,SBI Navrangpura,Pooja Kapoor
BRNQGUV9FR0K11M,SBI FC Road,Karan Yadav
BRNBCHU7X7G9OQF,SBI Alkapuri,Aisha Mishra
BRNHJ81G7TV1EW8,SBI Rajendra Nagar,Nikhil Jain
BRNFWSBYC6LC6QD,SBI Lalbagh,Kavya Agarwal
BRN8YRS5SI8A83D,SBI Salt Lake,Aditya Chauhan
BRNZOY0SYV6Z48P,SBI Connaught Place,Rahul Sharma
BRN4PTPB1IIWEME,SBI Bandra,Amit Verma
BRNDOT2XST54FNZ,SBI MG Road,Priya Patel
BRNCPVLGEOR2NTQ,SBI Park Street,Neha Singh
BRNGWVI7PT7NPO3,SBI Anna Nagar,Arjun Gupta
BRN8AS6T2XE67TN,SBI Banjara Hills,Ananya Mehta
BRNNLG1JCSNADRT,SBI Hazratganj,Rohit Joshi
BRNOA3JIX2XKBHG,SBI Civil Lines,Sneha Nair
BRNEIV3EE1BRA5J,SBI Sector 18,Vikram Reddy
BRND5H2ZEWJHVP6,SBI Navrangpura,Pooja Kapoor
BRNX4YM457IWGCB,SBI FC Road,Karan Yadav
BRNHR9AQK16VVCN,SBI Alkapuri,Aisha Mishra
BRNIQNGJK84WA3S,SBI Rajendra Nagar,Nikhil Jain
BRNASGRCNWTAC5Y,SBI Lalbagh,Kavya Agarwal
BRNM49JZ5EZ9LF9,SBI Salt Lake,Aditya Chauhan
BRNE97WZUHMJD2R,SBI Connaught Place,Rahul Sharma
BRN5O5FCISPTJ58,SBI Bandra,Amit Verma
BRNKTTGJU392BV6,SBI MG Road,Priya Patel
BRN8U1DZOTSVD2G,SBI Park Street,Neha Singh
BRN0RSZXRSMU8XB,SBI Anna Nagar,Arjun Gupta
BRN4KC4JSSG8PF0,SBI Banjara Hills,Ananya Mehta
BRNGBCOC2EIE46X,SBI Hazratganj,Rohit Joshi
BRNYFJ60A8CNJD0,SBI Civil Lines,Sneha Nair
BRN7KYYR10WXD2A,SBI Sector 18,Vikram Reddy
BRN47GWE27QNJRC,SBI Navrangpura,Pooja Kapoor
BRN02JRD04H27T7,SBI FC Road,Karan Yadav
BRN4PCKN93OSASU,SBI Alkapuri,Aisha Mishra
BRNHQV0JCAUPMH4,SBI Rajendra Nagar,Nikhil Jain
BRNHHMVDJCJZ22V,SBI Lalbagh,Kavya Agarwal
BRN9B2QQT0M8XSV,SBI Salt Lake,Aditya Chauhan
BRNYO1EW5EG9LN8,SBI Connaught Place,Rahul Sharma
BRNKL6VJF05HL8Y,SBI Bandra,Amit Verma
BRNBW2SWJ9A0UQ0,SBI MG Road,Priya Patel
BRN0I5Q8XLN7IUL,SBI Park Street,Neha Singh
BRNOJP3RWWPUZEZ,SBI Anna Nagar,Arjun Gupta
BRN8FGL889Z1E18,SBI Banjara Hills,Ananya Mehta
BRNSNQAKUMXRHEQ,SBI Hazratganj,Rohit Joshi
BRNFRGYXRE6BTRN,SBI Civil Lines,Sneha Nair
BRN6736ASWG31VK,SBI Sector 18,Vikram Reddy
BRNJVDV0T6EZGW1,SBI Navrangpura,Pooja Kapoor
BRNAO1YX3NC67BE,SBI FC Road,Karan Yadav
BRNABZEXM0UC6N4,SBI Alkapuri,Aisha Mishra
BRN5A7HZ69PODA8,SBI Rajendra Nagar,Nikhil Jain
BRNG5U9BMLVJOU1,SBI Lalbagh,Kavya Agarwal
BRNNVD3F9DMQJS8,SBI Salt Lake,Aditya Chauhan
BRNC69SB3UOYLVV,SBI Connaught Place,Rahul Sharma
BRNJYC95WAXGKQ5,SBI Bandra,Amit Verma
BRNOKTNKEYIORJP,SBI MG Road,Priya Patel
BRN6O7XRSLTMRDC,SBI Park Street,Neha Singh
BRN881H4FYTQ6RP,SBI Anna Nagar,Arjun Gupta
BRNUFBI2SJHQO5L,SBI Banjara Hills,Ananya Mehta
BRNBRFDLS1BNANZ,SBI Hazratganj,Rohit Joshi
BRNIYCC49U2VR5R,SBI Civil Lines,Sneha Nair
BRNCZ3L1N8IPNPJ,SBI Sector 18,Vikram Reddy
BRNVJFYXXJLG5KC,SBI Navrangpura,Pooja Kapoor
BRNZUCRSAD77M58,SBI FC Road,Karan Yadav
BRNBFKLCWJ4I5IT,SBI Alkapuri,Aisha Mishra
BRN5LHYG5DC9OBF,SBI Rajendra Nagar,Nikhil Jain
BRNSDL0PO5R8L4G,SBI Lalbagh,Kavya Agarwal
BRNH8JH2VY1TVXD,SBI Salt Lake,Aditya Chauhan
BRNGFPNU1DRKOKU,SBI Connaught Place,Rahul Sharma
BRN8K2EZPU1XXX5,SBI Bandra,Amit Verma
BRNSB38L4EU1WP8,SBI MG Road,Priya Patel
BRN6FROE27G0HQ8,SBI Park Street,Neha Singh
BRN46D52YKMQTYP,SBI Anna Nagar,Arjun Gupta
BRN96B15KUQF8GI,SBI Banjara Hills,Ananya Mehta
BRNYZHUI1AXM3AW,SBI Hazratganj,Rohit Joshi
BRNDRRJTKX2WKTM,SBI Civil Lines,Sneha Nair
BRN2GWZPTL4WB6Y,SBI Sector 18,Vikram Reddy
BRNJ69QD465JTAH,SBI Navrangpura,Pooja Kapoor
BRNXXCD1TE0ALHI,SBI FC Road,Karan Yadav
BRNCM8LT50G77TX,SBI Alkapuri,Aisha Mishra
BRNSC9GX2J2EVQC,SBI Rajendra Nagar,Nikhil Jain
BRNKKGVKA5B1TQZ,SBI Lalbagh,Kavya Agarwal
BRNMJQ9K16L09JB,SBI Salt Lake,Aditya Chauhan
BRNZBQXWR8TCJO9,SBI Connaught Place,Rahul Sharma
BRNXSG952KGYDJU,SBI Bandra,Amit Verma
BRNDE7QVZ63LWPL,SBI MG Road,Priya Patel
BRNM30M9URRZKXG,SBI Park Street,Neha Singh
BRNKL0C03G3DFSS,SBI Anna Nagar,Arjun Gupta
BRN9CTPBSVBP994,SBI Banjara Hills,Ananya Mehta
BRNEBMNYNAE2U98,SBI Hazratganj,Rohit Joshi
BRNJ1XRYGNOSBZ1,SBI Civil Lines,Sneha Nair
BRN31SGHZ64TMNZ,SBI Sector 18,Vikram Reddy
BRN10RGSHRELNCZ,SBI Navrangpura,Pooja Kapoor
BRN4J42TQFDLMNC,SBI FC Road,Karan Yadav
BRN19G9NXKMGAG7,SBI Alkapuri,Aisha Mishra
BRNCTL6ERP0YW8M,SBI Rajendra Nagar,Nikhil Jain
BRN80P68KL658JI,SBI Lalbagh,Kavya Agarwal
BRNRYHXVYFPCKAV,SBI Salt Lake,Aditya Chauhan
BRNOZKXSBU5BK26,SBI Connaught Place,Rahul Sharma
BRN609HWRRVWOKO,SBI Bandra,Amit Verma
BRN6U93POR4GMIG,SBI MG Road,Priya Patel
BRNB6H7RUM7NZMU,SBI Park Street,Neha Singh
BRNXU3ISVBA9CXD,SBI Anna Nagar,Arjun Gupta
BRNFLLYNTUKYPS0,SBI Banjara Hills,Ananya Mehta
BRN0HUXH8FE0X8E,SBI Hazratganj,Rohit Joshi
BRNLK55XLYY6JL8,SBI Civil Lines,Sneha Nair
BRNSF3P73ESW4Z0,SBI Sector 18,Vikram Reddy
BRNEOGJ09XKCBDA,SBI Navrangpura,Pooja Kapoor
BRNBJTUS69K0BXN,SBI FC Road,Karan Yadav
BRN905ZZVGO5IHR,SBI Alkapuri,Aisha Mishra
BRNRVIHI0EONMXG,SBI Rajendra Nagar,Nikhil Jain
BRNW9K7BYBCCJJ8,SBI Lalbagh,Kavya Agarwal
BRNGFGA2ILY9K78,SBI Salt Lake,Aditya Chauhan
BRNQ46ZK4LJD25W,SBI Connaught Place,Rahul Sharma
BRNZW7CABV9DPVA,SBI Bandra,Amit Verma
BRNSOR9EO1M66PE,SBI MG Road,Priya Patel
BRNDD0XKUSX6CGZ,SBI Park Street,Neha Singh
BRNKHG72527MM6K,SBI Anna Nagar,Arjun Gupta
BRNN1XGJTXZYPKJ,SBI Banjara Hills,Ananya Mehta
BRNY9Y927TDZAMS,SBI Hazratganj,Rohit Joshi
BRN61JNHZXK0OYW,SBI Civil Lines,Sneha Nair
BRNU1IDRDAWZR6A,SBI Sector 18,Vikram Reddy
BRNCK7H3BW6UYSL,SBI Navrangpura,Pooja Kapoor
BRNA8UYRIEKR6JA,SBI FC Road,Karan Yadav
BRN229IRZN176W4,SBI Alkapuri,Aisha Mishra
BRN6S2WKTUL6GEW,SBI Rajendra Nagar,Nikhil Jain
BRNRTDD4MUT0TVC,SBI Lalbagh,Kavya Agarwal
BRNBU8R91NQCTU1,SBI Salt Lake,Aditya Chauhan
BRNZCVHV2ZUL3GY,SBI Connaught Place,Rahul Sharma
BRNL37GA0BHO7TL,SBI Bandra,Amit Verma
BRN3ZUGBKV3KZ9W,SBI MG Road,Priya Patel
BRN1LCLSKHWTE1X,SBI Park Street,Neha Singh
BRNZZCPR9SHOGG5,SBI Anna Nagar,Arjun Gupta
BRN84TPA3YL7YLO,SBI Banjara Hills,Ananya Mehta
BRND96IUOZYS4TU,SBI Hazratganj,Rohit Joshi
BRN7XQEMEOCVH1G,SBI Civil Lines,Sneha Nair
BRNS3UO8UTY2OB5,SBI Sector 18,Vikram Reddy
BRN41TJ0EH2Z1D1,SBI Navrangpura,Pooja Kapoor
BRNYLBMTMT830ND,SBI FC Road,Karan Yadav
BRN8BGBFZCSRXFN,SBI Alkapuri,Aisha Mishra
BRNS54F9TFN2447,SBI Rajendra Nagar,Nikhil Jain
BRNGVR6KYGRIXUG,SBI Lalbagh,Kavya Agarwal
BRNYSAW2BMK4DOF,SBI Salt Lake,Aditya Chauhan
BRN6SZJQ5ENIDWL,SBI Connaught Place,Rahul Sharma
BRNKGGWPGB83FXL,SBI Bandra,Amit Verma
BRN6546K1PCH1GV,SBI MG Road,Priya Patel
BRN2Y09AKDNAI99,SBI Park Street,Neha Singh
BRNKKJEPBDS84VY,SBI Anna Nagar,Arjun Gupta
BRN3J0C1DKWCFLP,SBI Banjara Hills,Ananya Mehta
BRNJ1C9B4DYJ020,SBI Hazratganj,Rohit Joshi
BRNINI6O7XV5VU8,SBI Civil Lines,Sneha Nair
BRNDEPI84DOYZUN,SBI Sector 18,Vikram Reddy
BRNLKHAXOP0A9SL,SBI Navrangpura,Pooja Kapoor
BRNMCLOQQS775LJ,SBI FC Road,Karan Yadav
BRNV5U6A0JBXETH,SBI Alkapuri,Aisha Mishra
BRNR0MDWNMURMBM,SBI Rajendra Nagar,Nikhil Jain
BRN79VLEZ42JC2T,SBI Lalbagh,Kavya Agarwal
BRNQ9P61WJB32OB,SBI Salt Lake,Aditya Chauhan
BRNFN2E8MB0AB9J,SBI Connaught Place,Rahul Sharma
BRNW76HBL36G0CT,SBI Bandra,Amit Verma
BRNDMYDKLNJV9B6,SBI MG Road,Priya Patel
BRNLIUVKJU7PUMC,SBI Park Street,Neha Singh
BRN4XDHTDB22G21,SBI Anna Nagar,Arjun Gupta
BRN2ZYUMCTSNP2K,SBI Banjara Hills,Ananya Mehta
BRNWY3WWRNVYW76,SBI Hazratganj,Rohit Joshi
BRNS63G1V77M7N5,SBI Civil Lines,Sneha Nair
BRNOZFMA45CW7B1,SBI Sector 18,Vikram Reddy
BRNXN00TVXF9MLE,SBI Navrangpura,Pooja Kapoor
BRNCF8M08OOMNX7,SBI FC Road,Karan Yadav
BRNZY8C71KMRN53,SBI Alkapuri,Aisha Mishra
BRN7LSP0LUY0QTU,SBI Rajendra Nagar,Nikhil Jain
BRN1JGXHAA758P5,SBI Lalbagh,Kavya Agarwal
BRN8G6SEB1Z7LO8,SBI Salt Lake,Aditya Chauhan
BRNXWPBRFGEJFLB,SBI Connaught Place,Rahul Sharma
BRNUPVXD3XPYI1I,SBI Bandra,Amit Verma
BRNK0KB9XOQNO2D,SBI MG Road,Priya Patel
BRN3TVX7Y53TFUT,SBI Park Street,Neha Singh
BRNIFYD1Y9FB5W5,SBI Anna Nagar,Arjun Gupta
BRN3D5L7O9J9PMY,SBI Banjara Hills,Ananya Mehta
BRN6HE1IC2MDWQL,SBI Hazratganj,Rohit Joshi
BRNOMWOP737QUPO,SBI Civil Lines,Sneha Nair
BRN2868Y4YEAAY3,SBI Sector 18,Vikram Reddy
BRNIRGNMQMKF5B7,SBI Navrangpura,Pooja Kapoor
BRNV359RT3Y43XI,SBI FC Road,Karan Yadav
BRNF0GXB995YF5Q,SBI Alkapuri,Aisha Mishra
BRN0LFY989DUIUS,SBI Rajendra Nagar,Nikhil Jain
BRNFTSZ1631YXOY,SBI Lalbagh,Kavya Agarwal
BRNKPMBMBC5QU1Y,SBI Salt Lake,Aditya Chauhan
BRNQKTXXWRVYY4E,SBI Connaught Place,Rahul Sharma
BRNRPX5TWOMQEKF,SBI Bandra,Amit Verma
BRNGSM28R7ZKZHV,SBI MG Road,Priya Patel
BRN7U4IM3UJ5MJR,SBI Park Street,Neha Singh
BRN54QGWO6JI9JW,SBI Anna Nagar,Arjun Gupta
BRNNCMSFE4F5JSA,SBI Banjara Hills,Ananya Mehta
BRNOH21PQCKRRIX,SBI Hazratganj,Rohit Joshi
BRNVYDYC31BGEF7,SBI Civil Lines,Sneha Nair
BRN641DQWWHTM0Q,SBI Sector 18,Vikram Reddy
BRNE4BG9C7F5VYI,SBI Navrangpura,Pooja Kapoor
BRN2NK8NIPQCGUJ,SBI FC Road,Karan Yadav
BRNYYMJ6U13PHF8,SBI Alkapuri,Aisha Mishra
BRNTP0WI3P4KSCA,SBI Rajendra Nagar,Nikhil Jain
BRNRSLSXIN3V231,SBI Lalbagh,Kavya Agarwal
BRNIOW6ZUCEZOQ8,SBI Salt Lake,Aditya Chauhan
BRN5J62FRUPOFMV,SBI Connaught Place,Rahul Sharma
BRN7D4734VSOHB7,SBI Bandra,Amit Verma
BRN2CR77QHE1WLK,SBI MG Road,Priya Patel
BRNGHKF3RN1QEPZ,SBI Park Street,Neha Singh
BRNMAX9RPZ7WGHA,SBI Anna Nagar,Arjun Gupta
BRNY3S99V8HBZLM,SBI Banjara Hills,Ananya Mehta
BRNP5QP0VM27VTR,SBI Hazratganj,Rohit Joshi
BRNXDZU7PJ9MKCX,SBI Civil Lines,Sneha Nair
BRNE9T7LLQ6SOAG,SBI Sector 18,Vikram Reddy
BRN7SCLO2TUA29L,SBI Navrangpura,Pooja Kapoor
BRNHRO1R9S6M5YS,SBI FC Road,Karan Yadav
BRNIK4RLC6KN90G,SBI Alkapuri,Aisha Mishra
BRN3AGYPB0IM2B4,SBI Rajendra Nagar,Nikhil Jain
BRNLHOZ81Y28LT5,SBI Lalbagh,Kavya Agarwal
BRNK2NPVKY0C045,SBI Salt Lake,Aditya Chauhan
BRNNCAUAHEVLR22,SBI Connaught Place,Rahul Sharma
BRNQA2P8RDOS52H,SBI Bandra,Amit Verma
BRNT06X1RBDC7Y3,SBI MG Road,Priya Patel
BRNUD15OC3TA114,SBI Park Street,Neha Singh
BRNNWBE7PQLX0OQ,SBI Anna Nagar,Arjun Gupta
BRNMGQSCISB8ZGF,SBI Banjara Hills,Ananya Mehta
BRNKC6HX7WRNBSD,SBI Hazratganj,Rohit Joshi
BRNY641WVJA2FO6,SBI Civil Lines,Sneha Nair
BRNK0VB0S8NWCZX,SBI Sector 18,Vikram Reddy
BRN24TQB68HZMD4,SBI Navrangpura,Pooja Kapoor
BRNAQYQZ0XAZ9TG,SBI FC Road,Karan Yadav
BRN6CXYC65TLGMH,SBI Alkapuri,Aisha Mishra
BRN5MNSN9SYOI2E,SBI Rajendra Nagar,Nikhil Jain
BRN2WTEXWJTH047,SBI Lalbagh,Kavya Agarwal
BRNVX1JGDQCGFAV,SBI Salt Lake,Aditya Chauhan
BRNE38HXL6JSOBJ,SBI Connaught Place,Rahul Sharma
BRN00WA9Y2A3W5Y,SBI Bandra,Amit Verma
BRNWT0JVYGPFGHR,SBI MG Road,Priya Patel
BRNXRLEPQ12HDJS,SBI Park Street,Neha Singh
BRNUT426ZBW4EGR,SBI Anna Nagar,Arjun Gupta
BRNKCUQYUFCHCCH,SBI Banjara Hills,Ananya Mehta
BRN66OOORCQZ1H6,SBI Hazratganj,Rohit Joshi
BRN73YOBBQPKDGX,SBI Civil Lines,Sneha Nair
BRN97FGYRUMF3AG,SBI Sector 18,Vikram Reddy
BRNNRKWQT5IELOQ,SBI Navrangpura,Pooja Kapoor
BRNUJFZ5OEISY5M,SBI FC Road,Karan Yadav
BRNM76255SV7SMS,SBI Alkapuri,Aisha Mishra
BRNO3DF4C33HTA4,SBI Rajendra Nagar,Nikhil Jain
BRNV86RSB5KLANT,SBI Lalbagh,Kavya Agarwal
BRN591JD9LR0V5K,SBI Salt Lake,Aditya Chauhan
BRN3ZE74D8LTLFA,SBI Connaught Place,Rahul Sharma
BRN0N4G10KICLLZ,SBI Bandra,Amit Verma
BRNH67CC2VLJYPT,SBI MG Road,Priya Patel
BRN2E36M2BXRUYJ,SBI Park Street,Neha Singh
BRNMWA4DPDOX6IP,SBI Anna Nagar,Arjun Gupta
BRNXG9OYG20G16I,SBI Banjara Hills,Ananya Mehta
BRNA7EYY5E3SBXR,SBI Hazratganj,Rohit Joshi
BRN9VLDU8JZQF8K,SBI Civil Lines,Sneha Nair
BRN8DKB45ADSU6F,SBI Sector 18,Vikram Reddy
BRN6TF4BAYGLYTR,SBI Navrangpura,Pooja Kapoor
BRNYQKRJBF7O25M,SBI FC Road,Karan Yadav
BRN260SR58AADB1,SBI Alkapuri,Aisha Mishra
BRNN1HPG4ZUJ83A,SBI Rajendra Nagar,Nikhil Jain
BRNPIWEAMI595LG,SBI Lalbagh,Kavya Agarwal
BRN1XK5KWTLQAUE,SBI Salt Lake,Aditya Chauhan
BRNKSWTQPEWKATL,SBI Connaught Place,Rahul Sharma
BRNBR08JBOA5VVQ,SBI Bandra,Amit Verma
BRN32KDSDS9X0Q3,SBI MG Road,Priya Patel
BRN6FGI12ST5N6J,SBI Park Street,Neha Singh
BRNDASUVGLQ0XLX,SBI Anna Nagar,Arjun Gupta
BRNOOK2CTU1LJGU,SBI Banjara Hills,Ananya Mehta
BRNU10N1U4KCKJJ,SBI Hazratganj,Rohit Joshi
BRNGFSDD01GSQVA,SBI Civil Lines,Sneha Nair
BRNK98P3OB0704W,SBI Sector 18,Vikram Reddy
BRNULK4UWMLCWQ7,SBI Navrangpura,Pooja Kapoor
BRNFE72U9X86UGK,SBI FC Road,Karan Yadav
BRNYECTZOJLFAWV,SBI Alkapuri,Aisha Mishra
BRNRFSOR52BDCA5,SBI Rajendra Nagar,Nikhil Jain
BRNSTB6KDLYWBPQ,SBI Lalbagh,Kavya Agarwal
BRN9CD6WT5RQJNM,SBI Salt Lake,Aditya Chauhan
BRNVL1U3EGK2YDH,SBI Connaught Place,Rahul Sharma
BRNXA4JK1H15F5I,SBI Bandra,Amit Verma
BRN35JCELCF88N9,SBI MG Road,Priya Patel
BRNYI841NQSDIQB,SBI Park Street,Neha Singh
BRNQC664HI7KOGB,SBI Anna Nagar,Arjun Gupta
BRN9LU0AEFM1VLW,SBI Banjara Hills,Ananya Mehta
BRNPO7UABRQZ0OR,SBI Hazratganj,Rohit Joshi
BRNLMNCPO9S9247,SBI Civil Lines,Sneha Nair
BRNOFRFXFXX5MGA,SBI Sector 18,Vikram Reddy
BRNIYWRD5ZYB1VB,SBI Navrangpura,Pooja Kapoor
BRNMYGP22H7F809,SBI FC Road,Karan Yadav
BRNC6C0MFPYW2C4,SBI Alkapuri,Aisha Mishra
BRNMNOLVSHZKQ0X,SBI Rajendra Nagar,Nikhil Jain
BRNMA92P5Z7QC21,SBI Lalbagh,Kavya Agarwal
BRN06XOATEFSEZZ,SBI Salt Lake,Aditya Chauhan
BRNLHH39ZW3XMK1,SBI Connaught Place,Rahul Sharma
BRNTXWR8P88JGGZ,SBI Bandra,Amit Verma
BRNX2DTWRZKOGDJ,SBI MG Road,Priya Patel
BRNB7A8AR2J7SCR,SBI Park Street,Neha Singh
BRND0IQM9A5TCXW,SBI Anna Nagar,Arjun Gupta
BRNCA4XQDEAMGA6,SBI Banjara Hills,Ananya Mehta
BRNVSZEP3OZLYB5,SBI Hazratganj,Rohit Joshi
BRNE1H1CTUXTVTT,SBI Civil Lines,Sneha Nair
BRNZ69LAEFOZZR5,SBI Sector 18,Vikram Reddy
BRNSVXYDXFLPZC1,SBI Navrangpura,Pooja Kapoor
BRNCMFGSXTWBER1,SBI FC Road,Karan Yadav
BRNCRBGZFJ89GSG,SBI Alkapuri,Aisha Mishra
BRN0IA6FNBH8ZV7,SBI Rajendra Nagar,Nikhil Jain
BRNERME5JEWGAKP,SBI Lalbagh,Kavya Agarwal
BRNNVH2ZK58WPB4,SBI Salt Lake,Aditya Chauhan
BRNYWE9OKKV5KAO,SBI Connaught Place,Rahul Sharma
BRN5C49H2HSYC2Z,SBI Bandra,Amit Verma
BRN7ES8YUNEMK5L,SBI MG Road,Priya Patel
BRNFUEU7SGHATSB,SBI Park Street,Neha Singh
BRNXE0LPV0PF3JD,SBI Anna Nagar,Arjun Gupta
BRNA6OG7PD07GIF,SBI Banjara Hills,Ananya Mehta
BRNKANAO82YIW0T,SBI Hazratganj,Rohit Joshi
BRN40N01AGF6X4T,SBI Civil Lines,Sneha Nair
BRNI8BZ50M3SSCI,SBI Sector 18,Vikram Reddy
BRN07Q9G4NQSW2M,SBI Navrangpura,Pooja Kapoor
BRNY74Z7IK13E7U,SBI FC Road,Karan Yadav
BRNUSFNCP09UZHJ,SBI Alkapuri,Aisha Mishra
BRN7O04Y61KSFSU,SBI Rajendra Nagar,Nikhil Jain
BRNU6L9HKRLQ6VV,SBI Lalbagh,Kavya Agarwal
BRN3W4Q6NIDL8DR,SBI Salt Lake,Aditya Chauhan
BRNSHHC8PX1QFP1,SBI Connaught Place,Rahul Sharma
BRNSJ08ZRC1FBVH,SBI Bandra,Amit Verma
BRNO79LT23PI3Q1,SBI MG Road,Priya Patel
BRNMCFYAJUZ10I2,SBI Park Street,Neha Singh
BRNZ1WN7W02905G,SBI Anna Nagar,Arjun Gupta
BRNG1FPYASKGRL1,SBI Banjara Hills,Ananya Mehta
BRNKA3WESBLUC1N,SBI Hazratganj,Rohit Joshi
BRNZX4C15O7200D,SBI Civil Lines,Sneha Nair
BRN2G41MJ1J3UQS,SBI Sector 18,Vikram Reddy
BRNU5CE5NL0ND1T,SBI Navrangpura,Pooja Kapoor
BRN9CZII5M7TQO3,SBI FC Road,Karan Yadav
BRNYKGTBUWERYVV,SBI Alkapuri,Aisha Mishra
BRNG9U8QLWE39AK,SBI Rajendra Nagar,Nikhil Jain
BRNCNOK6UQ4OJC3,SBI Lalbagh,Kavya Agarwal
BRNN1EVAX7YPGUT,SBI Salt Lake,Aditya Chauhan
BRN11FBZC6B2DIL,SBI Connaught Place,Rahul Sharma
BRNUCYZVX5QIVJN,SBI Bandra,Amit Verma
BRNVRKMWQC4I6MV,SBI MG Road,Priya Patel
BRNCYGO85BFMAUD,SBI Park Street,Neha Singh
BRNO9SGPTIBE7S0,SBI Anna Nagar,Arjun Gupta
BRN76V7NAGP3RNG,SBI Banjara Hills,Ananya Mehta
BRN0UOII1YCMPSV,SBI Hazratganj,Rohit Joshi
BRNI8QUUUIAE91F,SBI Civil Lines,Sneha Nair
BRN4BEVV72PTFS8,SBI Sector 18,Vikram Reddy
BRNVU0TD5N38XIO,SBI Navrangpura,Pooja Kapoor
BRNRC6XNERIEJH7,SBI FC Road,Karan Yadav
BRN81CIHAN3OZ3X,SBI Alkapuri,Aisha Mishra
BRN9ZMPG3PVJXRW,SBI Rajendra Nagar,Nikhil Jain
BRNHDJAXWHFMHR4,SBI Lalbagh,Kavya Agarwal
BRN6QIZYKEHOCK5,SBI Salt Lake,Aditya Chauhan
BRNLVWMH7SPTPIA,SBI Connaught Place,Rahul Sharma
BRN5JP6SG59LN9I,SBI Bandra,Amit Verma
BRNBT5R4HEHG16L,SBI MG Road,Priya Patel
BRNAYPW6G22127E,SBI Park Street,Neha Singh
BRN9K6QGLIJLA7K,SBI Anna Nagar,Arjun Gupta
BRNOLQWR03GTCOS,SBI Banjara Hills,Ananya Mehta
BRN78LMMF72JEG1,SBI Hazratganj,Rohit Joshi
BRN4LQ4BZIEX3JA,SBI Civil Lines,Sneha Nair
BRNTR6DQR89WPI4,SBI Sector 18,Vikram Reddy
BRNPHIOTHQ7KOVE,SBI Navrangpura,Pooja Kapoor
BRN3GG88XVHPQPV,SBI FC Road,Karan Yadav
BRNFBLSZ9YX09AL,SBI Alkapuri,Aisha Mishra
BRNMWMTVOCOOOA3,SBI Rajendra Nagar,Nikhil Jain
BRN6A3XHX2TRI2G,SBI Lalbagh,Kavya Agarwal
BRNFNTUC6WM7L5L,SBI Salt Lake,Aditya Chauhan
BRN60KXPJ0GULVE,SBI Connaught Place,Rahul Sharma
BRNB1M5L2USP7Y7,SBI Bandra,Amit Verma
BRNHDPKP25LHO59,SBI MG Road,Priya Patel
BRNRWS0L6CUNHB1,SBI Park Street,Neha Singh
BRNBXXR8FQO4ABQ,SBI Anna Nagar,Arjun Gupta
BRNNZ9EPWG3T5M4,SBI Banjara Hills,Ananya Mehta
BRNO6QYI8H07JOU,SBI Hazratganj,Rohit Joshi
BRNN7ZYTJ6QJZU0,SBI Civil Lines,Sneha Nair
BRN0NA6I86NI6Y3,SBI Sector 18,Vikram Reddy
BRNYEWTD5D2D88D,SBI Navrangpura,Pooja Kapoor
BRN9EG4AY2SIF2D,SBI FC Road,Karan Yadav
BRN5JPA7V6LJEA0,SBI Alkapuri,Aisha Mishra
BRN977WL4J9GNYS,SBI Rajendra Nagar,Nikhil Jain
BRNVK454J14JY0C,SBI Lalbagh,Kavya Agarwal
BRNDNEC3H5KYTCH,SBI Salt Lake,Aditya Chauhan
BRNYFWKIXID657C,SBI Connaught Place,Rahul Sharma
BRN5YVM29OQAG83,SBI Bandra,Amit Verma
BRNXCCLTLZ9JVMC,SBI MG Road,Priya Patel
BRN9Z703TJGNI88,SBI Park Street,Neha Singh
BRNYGQ88DL2OP9W,SBI Anna Nagar,Arjun Gupta
